mean_position_error_mm,rmse_position_error_mm,median_position_error_mm,p95_position_error_mm,max_position_error_mm,final_position_error_mm,settled_final_position_error_mm,mean_orientation_error_deg,rmse_orientation_error_deg,p95_orientation_error_deg,max_orientation_error_deg,final_orientation_error_deg,total_joint_travel_rad,max_joint_travel_rad,rms_joint_velocity_rad_s,peak_joint_velocity_rad_s,rms_joint_accel_rad_s2,peak_joint_accel_rad_s2,mean_manipulability,min_manipulability,mean_sigma_min,min_sigma_min,max_condition_number,singularity_warning_count,singularity_time_pct,self_collision_events,env_collision_events,joint_limit_events,velocity_saturation_events,settled_within_tolerance,time_to_final_goal_tolerance_s,success,failure_reason,experiment_name,robot_name,controller_type,trial_index
2.0815574157275676,2.391624048549559,1.6957134207239934,3.960257061186883,3.9912871958399228,0.9047531050450113,0.9047531050450113,0.004428487834028255,0.004433582878020495,0.004697535395295281,0.0047066514068292075,0.004618454274521866,0.4593994637614176,0.18197634597456058,0.0481295673570534,0.17112281692684675,0.08587733246251016,0.2694795448978358,0.08036824411511674,0.08021454947276827,0.21242149765761884,0.21192559933553032,8.877298008937949,0,0.0,0,0,0,0,True,1.675,True,,line,panda,ik,0
2.0815574157275676,2.391624048549559,1.6957134207239934,3.960257061186883,3.9912871958399228,0.9047531050450113,0.9047531050450113,0.004428487834028255,0.004433582878020495,0.004697535395295281,0.0047066514068292075,0.004618454274521866,0.4593994637614176,0.18197634597456058,0.0481295673570534,0.17112281692684675,0.08587733246251016,0.2694795448978358,0.08036824411511674,0.08021454947276827,0.21242149765761884,0.21192559933553032,8.877298008937949,0,0.0,0,0,0,0,True,1.675,True,,line,panda,ik,1
2.0815574157275676,2.391624048549559,1.6957134207239934,3.960257061186883,3.9912871958399228,0.9047531050450113,0.9047531050450113,0.004428487834028255,0.004433582878020495,0.004697535395295281,0.0047066514068292075,0.004618454274521866,0.4593994637614176,0.18197634597456058,0.0481295673570534,0.17112281692684675,0.08587733246251016,0.2694795448978358,0.08036824411511674,0.08021454947276827,0.21242149765761884,0.21192559933553032,8.877298008937949,0,0.0,0,0,0,0,True,1.675,True,,line,panda,ik,2
9.779274754201175,12.274322373962175,8.853830960430153,20.783974990441234,20.939267027235505,0.6119584346256242,0.6119584346256242,0.006747910858323606,0.006849082529377107,0.007735730387432388,0.007902345129976087,0.006980959667205393,0.4449971380645982,0.18399766652354865,0.044868100080450654,0.15794919249306477,0.07308639354397152,0.2201077685532387,0.08037390130010595,0.08021103656228554,0.21240168334850057,0.21187474760043193,8.880927650189182,0,0.0,0,0,0,0,True,1.9958333333333333,True,,line,panda,resolved-rate,0
9.779274754201175,12.274322373962175,8.853830960430153,20.783974990441234,20.939267027235505,0.6119584346256242,0.6119584346256242,0.006747910858323606,0.006849082529377107,0.007735730387432388,0.007902345129976087,0.006980959667205393,0.4449971380645982,0.18399766652354865,0.044868100080450654,0.15794919249306477,0.07308639354397152,0.2201077685532387,0.08037390130010595,0.08021103656228554,0.21240168334850057,0.21187474760043193,8.880927650189182,0,0.0,0,0,0,0,True,1.9958333333333333,True,,line,panda,resolved-rate,1
9.779274754201175,12.274322373962175,8.853830960430153,20.783974990441234,20.939267027235505,0.6119584346256242,0.6119584346256242,0.006747910858323606,0.006849082529377107,0.007735730387432388,0.007902345129976087,0.006980959667205393,0.4449971380645982,0.18399766652354865,0.044868100080450654,0.15794919249306477,0.07308639354397152,0.2201077685532387,0.08037390130010595,0.08021103656228554,0.21240168334850057,0.21187474760043193,8.880927650189182,0,0.0,0,0,0,0,True,1.9958333333333333,True,,line,panda,resolved-rate,2
20.442028307037265,20.442131231471137,20.45232521258753,20.502715489485222,20.503092413842694,20.503092413842694,20.503092413842694,0.07147138090724706,0.07159676091624975,0.08037836841554705,0.08170153049954922,0.06744671343255954,1.6843667295486042,0.46148075725843407,0.17089443751220612,0.8366493186599129,0.34948621808872254,1.937995330527098,0.08350622896313335,0.08282992447837849,0.23815738842708853,0.23436393186545207,7.943904907234247,0,0.0,0,0,0,0,False,2.5,False,Final position error 20.50mm exceeded bound 10.00mm,line,kuka_iiwa,ik,0
20.442028307037265,20.442131231471137,20.45232521258753,20.502715489485222,20.503092413842694,20.503092413842694,20.503092413842694,0.07147138090724706,0.07159676091624975,0.08037836841554705,0.08170153049954922,0.06744671343255954,1.6843667295486042,0.46148075725843407,0.17089443751220612,0.8366493186599129,0.34948621808872254,1.937995330527098,0.08350622896313335,0.08282992447837849,0.23815738842708853,0.23436393186545207,7.943904907234247,0,0.0,0,0,0,0,False,2.5,False,Final position error 20.50mm exceeded bound 10.00mm,line,kuka_iiwa,ik,1
20.442028307037265,20.442131231471137,20.45232521258753,20.502715489485222,20.503092413842694,20.503092413842694,20.503092413842694,0.07147138090724706,0.07159676091624975,0.08037836841554705,0.08170153049954922,0.06744671343255954,1.6843667295486042,0.46148075725843407,0.17089443751220612,0.8366493186599129,0.34948621808872254,1.937995330527098,0.08350622896313335,0.08282992447837849,0.23815738842708853,0.23436393186545207,7.943904907234247,0,0.0,0,0,0,0,False,2.5,False,Final position error 20.50mm exceeded bound 10.00mm,line,kuka_iiwa,ik,2
11.22985521577261,13.055975082862409,11.012047349183003,20.820480216719346,20.975121041249594,0.6619924398083908,0.6619924398083908,0.04875901041816447,0.07020105610148619,0.16295913332849432,0.17104228083921738,0.009158445128885877,0.6369300695745079,0.23314038230267675,0.05972729816933136,0.19289610889640443,0.1311535919932214,0.6648406364605352,0.08379183588533,0.08325188620661854,0.2549032844038889,0.2530179255870942,7.374377235352046,0,0.0,0,0,0,0,True,2.0,True,,line,kuka_iiwa,resolved-rate,0
11.22985521577261,13.055975082862409,11.012047349183003,20.820480216719346,20.975121041249594,0.6619924398083908,0.6619924398083908,0.04875901041816447,0.07020105610148619,0.16295913332849432,0.17104228083921738,0.009158445128885877,0.6369300695745079,0.23314038230267675,0.05972729816933136,0.19289610889640443,0.1311535919932214,0.6648406364605352,0.08379183588533,0.08325188620661854,0.2549032844038889,0.2530179255870942,7.374377235352046,0,0.0,0,0,0,0,True,2.0,True,,line,kuka_iiwa,resolved-rate,1
11.22985521577261,13.055975082862409,11.012047349183003,20.820480216719346,20.975121041249594,0.6619924398083908,0.6619924398083908,0.04875901041816447,0.07020105610148619,0.16295913332849432,0.17104228083921738,0.009158445128885877,0.6369300695745079,0.23314038230267675,0.05972729816933136,0.19289610889640443,0.1311535919932214,0.6648406364605352,0.08379183588533,0.08325188620661854,0.2549032844038889,0.2530179255870942,7.374377235352046,0,0.0,0,0,0,0,True,2.0,True,,line,kuka_iiwa,resolved-rate,2
20.01982505949305,27.457260523858984,14.307561130724576,53.207975004458646,55.7060454236941,1.1004720326367439,1.1004720326367439,0.02115295034040769,0.0385144031296314,0.11198483729928363,0.13326807141500402,0.0004185544068080434,1.5542268923549911,0.459930974169501,0.10088972589016854,0.26100020106693445,0.4128558421777176,5.09574636047382,0.08400991842380148,0.07697284392651024,0.20623161015840039,0.19985714785547665,9.462741056095398,0,0.0,0,0,0,0,True,2.870833333333333,True,,circle,panda,ik,0
20.01982505949305,27.457260523858984,14.307561130724576,53.207975004458646,55.7060454236941,1.1004720326367439,1.1004720326367439,0.02115295034040769,0.0385144031296314,0.11198483729928363,0.13326807141500402,0.0004185544068080434,1.5542268923549911,0.459930974169501,0.10088972589016854,0.26100020106693445,0.4128558421777176,5.09574636047382,0.08400991842380148,0.07697284392651024,0.20623161015840039,0.19985714785547665,9.462741056095398,0,0.0,0,0,0,0,True,2.870833333333333,True,,circle,panda,ik,1
20.01982505949305,27.457260523858984,14.307561130724576,53.207975004458646,55.7060454236941,1.1004720326367439,1.1004720326367439,0.02115295034040769,0.0385144031296314,0.11198483729928363,0.13326807141500402,0.0004185544068080434,1.5542268923549911,0.459930974169501,0.10088972589016854,0.26100020106693445,0.4128558421777176,5.09574636047382,0.08400991842380148,0.07697284392651024,0.20623161015840039,0.19985714785547665,9.462741056095398,0,0.0,0,0,0,0,True,2.870833333333333,True,,circle,panda,ik,2
18.181427131423565,22.38025996982238,18.48164267820469,35.955542963737756,36.157278973549836,0.6405310559404513,0.6405310559404513,0.005608610051950878,0.005809800855951574,0.00721420999806076,0.007235622306575838,0.0071122217072634745,1.7734510872272116,0.5491325944193788,0.12563291624026093,0.43280636011127954,0.40257709758430144,1.8098491121753555,0.08395695278074404,0.07468767720255046,0.20597731197239366,0.1996852753888052,9.472421645400834,0,0.0,0,0,0,0,True,3.0,True,,circle,panda,resolved-rate,0
18.181427131423565,22.38025996982238,18.48164267820469,35.955542963737756,36.157278973549836,0.6405310559404513,0.6405310559404513,0.005608610051950878,0.005809800855951574,0.00721420999806076,0.007235622306575838,0.0071122217072634745,1.7734510872272116,0.5491325944193788,0.12563291624026093,0.43280636011127954,0.40257709758430144,1.8098491121753555,0.08395695278074404,0.07468767720255046,0.20597731197239366,0.1996852753888052,9.472421645400834,0,0.0,0,0,0,0,True,3.0,True,,circle,panda,resolved-rate,1
18.181427131423565,22.38025996982238,18.48164267820469,35.955542963737756,36.157278973549836,0.6405310559404513,0.6405310559404513,0.005608610051950878,0.005809800855951574,0.00721420999806076,0.007235622306575838,0.0071122217072634745,1.7734510872272116,0.5491325944193788,0.12563291624026093,0.43280636011127954,0.40257709758430144,1.8098491121753555,0.08395695278074404,0.07468767720255046,0.20597731197239366,0.1996852753888052,9.472421645400834,0,0.0,0,0,0,0,True,3.0,True,,circle,panda,resolved-rate,2
20.956776051464757,20.98581042541909,20.282517997049826,23.40049541385949,23.53920288215314,20.28136989714551,20.28136989714551,0.06956505710666297,0.06959025014444001,0.07415184331237867,0.07505193787230903,0.06839825231907481,3.1336307066014375,0.5981827938586266,0.18987620016598042,0.7102066538877575,0.6132217955265704,2.3839365709554223,0.09271991824248635,0.06431968730714396,0.23355100515303814,0.19417146393187562,9.705444854384012,0,0.0,0,0,0,0,False,3.5,False,Final position error 20.28mm exceeded bound 10.00mm,circle,kuka_iiwa,ik,0
20.956776051464757,20.98581042541909,20.282517997049826,23.40049541385949,23.53920288215314,20.28136989714551,20.28136989714551,0.06956505710666297,0.06959025014444001,0.07415184331237867,0.07505193787230903,0.06839825231907481,3.1336307066014375,0.5981827938586266,0.18987620016598042,0.7102066538877575,0.6132217955265704,2.3839365709554223,0.09271991824248635,0.06431968730714396,0.23355100515303814,0.19417146393187562,9.705444854384012,0,0.0,0,0,0,0,False,3.5,False,Final position error 20.28mm exceeded bound 10.00mm,circle,kuka_iiwa,ik,1
20.956776051464757,20.98581042541909,20.282517997049826,23.40049541385949,23.53920288215314,20.28136989714551,20.28136989714551,0.06956505710666297,0.06959025014444001,0.07415184331237867,0.07505193787230903,0.06839825231907481,3.1336307066014375,0.5981827938586266,0.18987620016598042,0.7102066538877575,0.6132217955265704,2.3839365709554223,0.09271991824248635,0.06431968730714396,0.23355100515303814,0.19417146393187562,9.705444854384012,0,0.0,0,0,0,0,False,3.5,False,Final position error 20.28mm exceeded bound 10.00mm,circle,kuka_iiwa,ik,2
19.18244293949371,22.674163800281136,18.822225491964854,35.91179435625502,36.11885526140885,0.6815456348647428,0.6815456348647428,0.016751608293298376,0.021050340100125627,0.04897764071217679,0.07134213567714529,0.010349679357447001,2.0008249246679464,0.5260164157361293,0.12179063486368369,0.4131642452814594,0.40347248105008165,1.6694482451000179,0.0926758758149921,0.06941106605352496,0.24311389740772035,0.22559729566242104,8.354907040886753,0,0.0,0,0,0,0,True,3.004166666666667,True,,circle,kuka_iiwa,resolved-rate,0
19.18244293949371,22.674163800281136,18.822225491964854,35.91179435625502,36.11885526140885,0.6815456348647428,0.6815456348647428,0.016751608293298376,0.021050340100125627,0.04897764071217679,0.07134213567714529,0.010349679357447001,2.0008249246679464,0.5260164157361293,0.12179063486368369,0.4131642452814594,0.40347248105008165,1.6694482451000179,0.0926758758149921,0.06941106605352496,0.24311389740772035,0.22559729566242104,8.354907040886753,0,0.0,0,0,0,0,True,3.004166666666667,True,,circle,kuka_iiwa,resolved-rate,1
19.18244293949371,22.674163800281136,18.822225491964854,35.91179435625502,36.11885526140885,0.6815456348647428,0.6815456348647428,0.016751608293298376,0.021050340100125627,0.04897764071217679,0.07134213567714529,0.010349679357447001,2.0008249246679464,0.5260164157361293,0.12179063486368369,0.4131642452814594,0.40347248105008165,1.6694482451000179,0.0926758758149921,0.06941106605352496,0.24311389740772035,0.22559729566242104,8.354907040886753,0,0.0,0,0,0,0,True,3.004166666666667,True,,circle,kuka_iiwa,resolved-rate,2
6.626955064396499,10.811551228007065,3.143168137120862,29.059738611982304,33.33528977179426,0.8846962662078184,0.8846962662078184,0.010282775556783735,0.02003954056186371,0.0616080313076627,0.07324252078213968,0.004291233707359418,1.804176072509497,0.4682860391068995,0.08887404373409348,0.26100021016071456,0.41048413830228137,4.424557227185824,0.08063136550117991,0.07491832936832091,0.2120646247987681,0.2028305503066781,9.316409381357182,0,0.0,0,0,0,0,True,3.625,True,,figure_eight,panda,ik,0
6.626955064396499,10.811551228007065,3.143168137120862,29.059738611982304,33.33528977179426,0.8846962662078184,0.8846962662078184,0.010282775556783735,0.02003954056186371,0.0616080313076627,0.07324252078213968,0.004291233707359418,1.804176072509497,0.4682860391068995,0.08887404373409348,0.26100021016071456,0.41048413830228137,4.424557227185824,0.08063136550117991,0.07491832936832091,0.2120646247987681,0.2028305503066781,9.316409381357182,0,0.0,0,0,0,0,True,3.625,True,,figure_eight,panda,ik,1
6.626955064396499,10.811551228007065,3.143168137120862,29.059738611982304,33.33528977179426,0.8846962662078184,0.8846962662078184,0.010282775556783735,0.02003954056186371,0.0616080313076627,0.07324252078213968,0.004291233707359418,1.804176072509497,0.4682860391068995,0.08887404373409348,0.26100021016071456,0.41048413830228137,4.424557227185824,0.08063136550117991,0.07491832936832091,0.2120646247987681,0.2028305503066781,9.316409381357182,0,0.0,0,0,0,0,True,3.625,True,,figure_eight,panda,ik,2
12.607327859028342,15.375863459421762,11.846367859332426,29.750123335588288,34.2778220309065,0.41962658812345865,0.41962658812345865,0.005895361845635064,0.006007426151380716,0.008326848385726405,0.008641571242756328,0.008641571242756328,1.556402645852517,0.4350031834515744,0.07924661351137406,0.3028833076656493,0.27395319916912964,1.0816066019847754,0.08023905858443227,0.07510625998212107,0.2126093617977213,0.20384998554312045,9.268074368933881,0,0.0,0,0,0,0,True,3.8958333333333335,True,,figure_eight,panda,resolved-rate,0
12.607327859028342,15.375863459421762,11.846367859332426,29.750123335588288,34.2778220309065,0.41962658812345865,0.41962658812345865,0.005895361845635064,0.006007426151380716,0.008326848385726405,0.008641571242756328,0.008641571242756328,1.556402645852517,0.4350031834515744,0.07924661351137406,0.3028833076656493,0.27395319916912964,1.0816066019847754,0.08023905858443227,0.07510625998212107,0.2126093617977213,0.20384998554312045,9.268074368933881,0,0.0,0,0,0,0,True,3.8958333333333335,True,,figure_eight,panda,resolved-rate,1
12.607327859028342,15.375863459421762,11.846367859332426,29.750123335588288,34.2778220309065,0.41962658812345865,0.41962658812345865,0.005895361845635064,0.006007426151380716,0.008326848385726405,0.008641571242756328,0.008641571242756328,1.556402645852517,0.4350031834515744,0.07924661351137406,0.3028833076656493,0.27395319916912964,1.0816066019847754,0.08023905858443227,0.07510625998212107,0.2126093617977213,0.20384998554312045,9.268074368933881,0,0.0,0,0,0,0,True,3.8958333333333335,True,,figure_eight,panda,resolved-rate,2
20.909669416944446,20.9180130120423,20.626870952812048,22.240110256261957,22.61465694484091,20.625970832765017,20.625970832765017,0.07118764845216512,0.07122211906292869,0.07460342611434231,0.07759860808584569,0.07063653412034566,3.1631349812642715,0.6935313886201002,0.15339221204637363,0.7820788090589941,0.5160200867038713,2.1832840359472523,0.0830985462365236,0.06792282211833638,0.23171862299943444,0.20152275358504243,9.325901523257201,0,0.0,0,0,0,0,False,4.5,False,Final position error 20.63mm exceeded bound 10.00mm,figure_eight,kuka_iiwa,ik,0
20.909669416944446,20.9180130120423,20.626870952812048,22.240110256261957,22.61465694484091,20.625970832765017,20.625970832765017,0.07118764845216512,0.07122211906292869,0.07460342611434231,0.07759860808584569,0.07063653412034566,3.1631349812642715,0.6935313886201002,0.15339221204637363,0.7820788090589941,0.5160200867038713,2.1832840359472523,0.0830985462365236,0.06792282211833638,0.23171862299943444,0.20152275358504243,9.325901523257201,0,0.0,0,0,0,0,False,4.5,False,Final position error 20.63mm exceeded bound 10.00mm,figure_eight,kuka_iiwa,ik,1
20.909669416944446,20.9180130120423,20.626870952812048,22.240110256261957,22.61465694484091,20.625970832765017,20.625970832765017,0.07118764845216512,0.07122211906292869,0.07460342611434231,0.07759860808584569,0.07063653412034566,3.1631349812642715,0.6935313886201002,0.15339221204637363,0.7820788090589941,0.5160200867038713,2.1832840359472523,0.0830985462365236,0.06792282211833638,0.23171862299943444,0.20152275358504243,9.325901523257201,0,0.0,0,0,0,0,False,4.5,False,Final position error 20.63mm exceeded bound 10.00mm,figure_eight,kuka_iiwa,ik,2
13.412428117476484,15.709622747896915,12.087577310736423,29.768153698732796,34.30007868831992,0.4445711501437416,0.4445711501437416,0.015156593856104008,0.019793280360114296,0.04680775810702407,0.07663543538859223,0.009352509534242371,1.7917585742816524,0.42274301720966245,0.08010710782912961,0.2880688620798591,0.3033100217690334,1.2314783425325557,0.08319514095877377,0.07046034899021815,0.24653930185202455,0.22846614489716457,8.244684689933248,0,0.0,0,0,0,0,True,3.9,True,,figure_eight,kuka_iiwa,resolved-rate,0
13.412428117476484,15.709622747896915,12.087577310736423,29.768153698732796,34.30007868831992,0.4445711501437416,0.4445711501437416,0.015156593856104008,0.019793280360114296,0.04680775810702407,0.07663543538859223,0.009352509534242371,1.7917585742816524,0.42274301720966245,0.08010710782912961,0.2880688620798591,0.3033100217690334,1.2314783425325557,0.08319514095877377,0.07046034899021815,0.24653930185202455,0.22846614489716457,8.244684689933248,0,0.0,0,0,0,0,True,3.9,True,,figure_eight,kuka_iiwa,resolved-rate,1
13.412428117476484,15.709622747896915,12.087577310736423,29.768153698732796,34.30007868831992,0.4445711501437416,0.4445711501437416,0.015156593856104008,0.019793280360114296,0.04680775810702407,0.07663543538859223,0.009352509534242371,1.7917585742816524,0.42274301720966245,0.08010710782912961,0.2880688620798591,0.3033100217690334,1.2314783425325557,0.08319514095877377,0.07046034899021815,0.24653930185202455,0.22846614489716457,8.244684689933248,0,0.0,0,0,0,0,True,3.9,True,,figure_eight,kuka_iiwa,resolved-rate,2
4.739059977964612,6.56467601765727,3.2033617624433517,14.811245066728757,15.992919902255807,0.8067235353636913,0.8067235353636913,0.004946050734374577,0.005320612191387783,0.008221888735036641,0.009073870489680487,0.006082163847025664,1.3157508337217396,0.3829960340545582,0.08040466699192138,0.21780819169584759,0.33847996879237396,4.974286233852663,0.07978260168679811,0.07569959512749418,0.2130073996943679,0.20524950928189148,9.198856875522399,0,0.0,0,0,0,0,True,3.8208333333333333,True,,waypoint_box,panda,ik,0
4.739059977964612,6.56467601765727,3.2033617624433517,14.811245066728757,15.992919902255807,0.8067235353636913,0.8067235353636913,0.004946050734374577,0.005320612191387783,0.008221888735036641,0.009073870489680487,0.006082163847025664,1.3157508337217396,0.3829960340545582,0.08040466699192138,0.21780819169584759,0.33847996879237396,4.974286233852663,0.07978260168679811,0.07569959512749418,0.2130073996943679,0.20524950928189148,9.198856875522399,0,0.0,0,0,0,0,True,3.8208333333333333,True,,waypoint_box,panda,ik,1
4.739059977964612,6.56467601765727,3.2033617624433517,14.811245066728757,15.992919902255807,0.8067235353636913,0.8067235353636913,0.004946050734374577,0.005320612191387783,0.008221888735036641,0.009073870489680487,0.006082163847025664,1.3157508337217396,0.3829960340545582,0.08040466699192138,0.21780819169584759,0.33847996879237396,4.974286233852663,0.07978260168679811,0.07569959512749418,0.2130073996943679,0.20524950928189148,9.198856875522399,0,0.0,0,0,0,0,True,3.8208333333333333,True,,waypoint_box,panda,ik,2
12.359289472285013,13.948730170503596,12.376118568805135,21.257259136431063,21.42239418442073,1.3561651207075351,1.3561651207075351,0.007016666919374269,0.007065039410627663,0.008179680770171255,0.008332816247144343,0.0063083784011366195,1.2803740837567128,0.37574484471816527,0.07519878267252841,0.2723697613899722,0.20127855757152194,0.7156839747005657,0.0797707103434541,0.07570868889189908,0.2129824859638777,0.2052954129799944,9.197983608605314,0,0.0,0,0,0,0,True,4.183333333333334,True,,waypoint_box,panda,resolved-rate,0
12.359289472285013,13.948730170503596,12.376118568805135,21.257259136431063,21.42239418442073,1.3561651207075351,1.3561651207075351,0.007016666919374269,0.007065039410627663,0.008179680770171255,0.008332816247144343,0.0063083784011366195,1.2803740837567128,0.37574484471816527,0.07519878267252841,0.2723697613899722,0.20127855757152194,0.7156839747005657,0.0797707103434541,0.07570868889189908,0.2129824859638777,0.2052954129799944,9.197983608605314,0,0.0,0,0,0,0,True,4.183333333333334,True,,waypoint_box,panda,resolved-rate,1
12.359289472285013,13.948730170503596,12.376118568805135,21.257259136431063,21.42239418442073,1.3561651207075351,1.3561651207075351,0.007016666919374269,0.007065039410627663,0.008179680770171255,0.008332816247144343,0.0063083784011366195,1.2803740837567128,0.37574484471816527,0.07519878267252841,0.2723697613899722,0.20127855757152194,0.7156839747005657,0.0797707103434541,0.07570868889189908,0.2129824859638777,0.2052954129799944,9.197983608605314,0,0.0,0,0,0,0,True,4.183333333333334,True,,waypoint_box,panda,resolved-rate,2
20.809446473418525,20.81422444445802,20.827520064797387,21.821759781978614,21.968471885174797,20.980790633019282,20.980790633019282,0.0716275142789644,0.07172634603794793,0.08040969907248306,0.08515496168647337,0.07439716992682524,2.738847922871665,0.532632698261974,0.15013307883126448,0.8479349369013277,0.7312190074106533,32.459603450260744,0.08200392718005606,0.07162142739525877,0.22839245828257357,0.20925398085567312,8.95797270272765,0,0.0,0,0,0,0,False,4.5,False,Final position error 20.98mm exceeded bound 10.00mm,waypoint_box,kuka_iiwa,ik,0
20.809446473418525,20.81422444445802,20.827520064797387,21.821759781978614,21.968471885174797,20.980790633019282,20.980790633019282,0.0716275142789644,0.07172634603794793,0.08040969907248306,0.08515496168647337,0.07439716992682524,2.738847922871665,0.532632698261974,0.15013307883126448,0.8479349369013277,0.7312190074106533,32.459603450260744,0.08200392718005606,0.07162142739525877,0.22839245828257357,0.20925398085567312,8.95797270272765,0,0.0,0,0,0,0,False,4.5,False,Final position error 20.98mm exceeded bound 10.00mm,waypoint_box,kuka_iiwa,ik,1
20.809446473418525,20.81422444445802,20.827520064797387,21.821759781978614,21.968471885174797,20.980790633019282,20.980790633019282,0.0716275142789644,0.07172634603794793,0.08040969907248306,0.08515496168647337,0.07439716992682524,2.738847922871665,0.532632698261974,0.15013307883126448,0.8479349369013277,0.7312190074106533,32.459603450260744,0.08200392718005606,0.07162142739525877,0.22839245828257357,0.20925398085567312,8.95797270272765,0,0.0,0,0,0,0,False,4.5,False,Final position error 20.98mm exceeded bound 10.00mm,waypoint_box,kuka_iiwa,ik,2
13.02410210740019,14.318947783810751,13.093476072227723,21.239349098076744,21.386645856384522,1.315317845904893,1.315317845904893,0.015548148506954735,0.021010545108814085,0.0507319322057134,0.08354860981936982,0.008903456224202598,1.5527898040156007,0.3667048305412446,0.07579024553576406,0.2603782792285988,0.21006965137197123,0.7058610343518668,0.08226102232257569,0.07200566333403094,0.24475905348071836,0.2335108783217649,8.057838763921703,0,0.0,0,0,0,0,True,4.179166666666666,True,,waypoint_box,kuka_iiwa,resolved-rate,0
13.02410210740019,14.318947783810751,13.093476072227723,21.239349098076744,21.386645856384522,1.315317845904893,1.315317845904893,0.015548148506954735,0.021010545108814085,0.0507319322057134,0.08354860981936982,0.008903456224202598,1.5527898040156007,0.3667048305412446,0.07579024553576406,0.2603782792285988,0.21006965137197123,0.7058610343518668,0.08226102232257569,0.07200566333403094,0.24475905348071836,0.2335108783217649,8.057838763921703,0,0.0,0,0,0,0,True,4.179166666666666,True,,waypoint_box,kuka_iiwa,resolved-rate,1
13.02410210740019,14.318947783810751,13.093476072227723,21.239349098076744,21.386645856384522,1.315317845904893,1.315317845904893,0.015548148506954735,0.021010545108814085,0.0507319322057134,0.08354860981936982,0.008903456224202598,1.5527898040156007,0.3667048305412446,0.07579024553576406,0.2603782792285988,0.21006965137197123,0.7058610343518668,0.08226102232257569,0.07200566333403094,0.24475905348071836,0.2335108783217649,8.057838763921703,0,0.0,0,0,0,0,True,4.179166666666666,True,,waypoint_box,kuka_iiwa,resolved-rate,2
7.405970357571143,10.311616103749348,4.512391436232988,22.883364488295673,23.83499911380114,0.8846964348225783,0.8846964348225783,8.231701195746092,11.99630132049292,25.611516922640646,26.35220023343965,0.004291208512933379,1.8610530589419851,0.7262413244597385,0.11590736969185683,0.26103370125546893,1.1535087530659962,23.15109879072683,0.08136875517808774,0.08015501917991624,0.21176283025328838,0.20833519053576793,9.055397488838057,0,0.0,0,0,0,0,True,2.6333333333333333,True,,se3_sweep,panda,ik,0
7.405970357571143,10.311616103749348,4.512391436232988,22.883364488295673,23.83499911380114,0.8846964348225783,0.8846964348225783,8.231701195746092,11.99630132049292,25.611516922640646,26.35220023343965,0.004291208512933379,1.8610530589419851,0.7262413244597385,0.11590736969185683,0.26103370125546893,1.1535087530659962,23.15109879072683,0.08136875517808774,0.08015501917991624,0.21176283025328838,0.20833519053576793,9.055397488838057,0,0.0,0,0,0,0,True,2.6333333333333333,True,,se3_sweep,panda,ik,1
7.405970357571143,10.311616103749348,4.512391436232988,22.883364488295673,23.83499911380114,0.8846964348225783,0.8846964348225783,8.231701195746092,11.99630132049292,25.611516922640646,26.35220023343965,0.004291208512933379,1.8610530589419851,0.7262413244597385,0.11590736969185683,0.26103370125546893,1.1535087530659962,23.15109879072683,0.08136875517808774,0.08015501917991624,0.21176283025328838,0.20833519053576793,9.055397488838057,0,0.0,0,0,0,0,True,2.6333333333333333,True,,se3_sweep,panda,ik,2
4.55082418260121,5.949656143582981,3.877405289752454,13.4777219142986,14.279029076084218,0.2649554383175646,0.2649554383175646,6.644555998611906,8.176974593302448,17.15576813928003,17.993621258401046,1.5094118595035129,2.7772377900102705,1.0441307967751887,0.18656201404959893,0.8124019346404124,0.5542155230635537,2.332239547660206,0.08057315635334619,0.07828982447902151,0.21241074537872853,0.20779364606186818,9.08494097457685,0,0.0,0,0,0,0,True,2.7416666666666667,True,,se3_sweep,panda,resolved-rate,0
4.55082418260121,5.949656143582981,3.877405289752454,13.4777219142986,14.279029076084218,0.2649554383175646,0.2649554383175646,6.644555998611906,8.176974593302448,17.15576813928003,17.993621258401046,1.5094118595035129,2.7772377900102705,1.0441307967751887,0.18656201404959893,0.8124019346404124,0.5542155230635537,2.332239547660206,0.08057315635334619,0.07828982447902151,0.21241074537872853,0.20779364606186818,9.08494097457685,0,0.0,0,0,0,0,True,2.7416666666666667,True,,se3_sweep,panda,resolved-rate,1
4.55082418260121,5.949656143582981,3.877405289752454,13.4777219142986,14.279029076084218,0.2649554383175646,0.2649554383175646,6.644555998611906,8.176974593302448,17.15576813928003,17.993621258401046,1.5094118595035129,2.7772377900102705,1.0441307967751887,0.18656201404959893,0.8124019346404124,0.5542155230635537,2.332239547660206,0.08057315635334619,0.07828982447902151,0.21241074537872853,0.20779364606186818,9.08494097457685,0,0.0,0,0,0,0,True,2.7416666666666667,True,,se3_sweep,panda,resolved-rate,2
20.630655279023845,20.632990429436074,20.599246587056438,21.196129610289724,21.280541482494417,20.612652541226364,20.612652541226364,0.9773439297820703,1.292977596943431,2.8419025452350835,3.030659899699245,0.07094346614349255,5.153348891995055,1.363951242827725,0.294487163426276,0.8760981728862721,0.8939353326678852,2.6953573131986683,0.08467521999533213,0.07982698661324826,0.23739701683232559,0.2297176376352449,8.108447562037961,0,0.0,0,0,0,0,False,3.5,False,Final position error 20.61mm exceeded bound 10.00mm,se3_sweep,kuka_iiwa,ik,0
20.630655279023845,20.632990429436074,20.599246587056438,21.196129610289724,21.280541482494417,20.612652541226364,20.612652541226364,0.9773439297820703,1.292977596943431,2.8419025452350835,3.030659899699245,0.07094346614349255,5.153348891995055,1.363951242827725,0.294487163426276,0.8760981728862721,0.8939353326678852,2.6953573131986683,0.08467521999533213,0.07982698661324826,0.23739701683232559,0.2297176376352449,8.108447562037961,0,0.0,0,0,0,0,False,3.5,False,Final position error 20.61mm exceeded bound 10.00mm,se3_sweep,kuka_iiwa,ik,1
20.630655279023845,20.632990429436074,20.599246587056438,21.196129610289724,21.280541482494417,20.612652541226364,20.612652541226364,0.9773439297820703,1.292977596943431,2.8419025452350835,3.030659899699245,0.07094346614349255,5.153348891995055,1.363951242827725,0.294487163426276,0.8760981728862721,0.8939353326678852,2.6953573131986683,0.08467521999533213,0.07982698661324826,0.23739701683232559,0.2297176376352449,8.108447562037961,0,0.0,0,0,0,0,False,3.5,False,Final position error 20.61mm exceeded bound 10.00mm,se3_sweep,kuka_iiwa,ik,2
5.941510313736169,7.188809678094901,5.105567632576688,14.211732316335642,20.079621585354644,0.6409286505800758,0.6409286505800758,6.722877473449276,8.209376788418298,17.161710404140575,18.000930874179957,1.51358011195866,3.4152815471634015,0.8773205177172265,0.19291325479388235,0.6897886307982564,0.5664405941561597,1.6702016466583396,0.0836783460454069,0.07960189928516828,0.24802420155140378,0.23852074289269634,7.783710440759429,0,0.0,0,0,0,0,True,2.745833333333333,True,,se3_sweep,kuka_iiwa,resolved-rate,0
5.941510313736169,7.188809678094901,5.105567632576688,14.211732316335642,20.079621585354644,0.6409286505800758,0.6409286505800758,6.722877473449276,8.209376788418298,17.161710404140575,18.000930874179957,1.51358011195866,3.4152815471634015,0.8773205177172265,0.19291325479388235,0.6897886307982564,0.5664405941561597,1.6702016466583396,0.0836783460454069,0.07960189928516828,0.24802420155140378,0.23852074289269634,7.783710440759429,0,0.0,0,0,0,0,True,2.745833333333333,True,,se3_sweep,kuka_iiwa,resolved-rate,1
5.941510313736169,7.188809678094901,5.105567632576688,14.211732316335642,20.079621585354644,0.6409286505800758,0.6409286505800758,6.722877473449276,8.209376788418298,17.161710404140575,18.000930874179957,1.51358011195866,3.4152815471634015,0.8773205177172265,0.19291325479388235,0.6897886307982564,0.5664405941561597,1.6702016466583396,0.0836783460454069,0.07960189928516828,0.24802420155140378,0.23852074289269634,7.783710440759429,0,0.0,0,0,0,0,True,2.745833333333333,True,,se3_sweep,kuka_iiwa,resolved-rate,2
